keyword,ranking,positionDiff,traffic,volume,difficultyString,url
"b2b e commerce","5","143","1600","Medium","https://www.b2bwave.com/"
"web b2b","1","4","131","880","Easy","https://www.b2bwave.com/"
"b2bsite","2","9","127","880","Medium","https://www.b2bwave.com/"
"b2b web","2","1","127","880","Easy","https://www.b2bwave.com/"
"b to b web","3","1","125","880","Medium","https://www.b2bwave.com/"
"b2b e commerce platforms","7","7","119","1600","Medium","https://www.b2bwave.com/"
"b2b sales platform","3","13","83","590","Easy","https://www.b2bwave.com/"
"b2b ecommerce websites","1","7","71","480","Easy","https://www.b2bwave.com/"
"b2b ecommerce web","1","1","71","480","Medium","https://www.b2bwave.com/"
"b2b ecommerce website","1","71","480","Easy","https://www.b2bwave.com/"
"b2b e commerce site","2","2","69","480","Medium","https://www.b2bwave.com/"
"b2b e-commerce websites","2","6","69","480","Easy","https://www.b2bwave.com/"
"b2b e commerce websites","2","1","69","480","Easy","https://www.b2bwave.com/"
"b to b ecommerce website","3","2","68","480","Easy","https://www.b2bwave.com/"
"b2b commerce website","3","1","68","480","Medium","https://www.b2bwave.com/"
"website b2b","6","65","880","Easy","https://www.b2bwave.com/create-b2b-website"
"b2b website","7","-2","65","880","Medium","https://www.b2bwave.com/create-b2b-website"
"websites for b2b ecommerce","4","4","61","480","Medium","https://www.b2bwave.com/"
"wholesale branding","3","45","320","Easy","https://www.b2bwave.com/wholesale-marketing"
"ecommerce benefits","4","40","320","Easy","https://www.b2bwave.com/p/12-benefits-of-b2b-ecommerce-platforms"
"b to b website","8","2","39","880","Medium","https://www.b2bwave.com/"
"marketing for wholesale business","1","38","260","","https://www.b2bwave.com/wholesale-marketing"
"wholesale marketing","1","38","260","Easy","https://www.b2bwave.com/wholesale-marketing"
"marketing wholesalers","1","1","38","260","Easy","https://www.b2bwave.com/wholesale-marketing"
"marketing for wholesalers","1","1","38","260","Easy","https://www.b2bwave.com/wholesale-marketing"
"wholesale marketer","1","38","260","Easy","https://www.b2bwave.com/wholesale-marketing"
"marketing wholesale","2","37","260","Easy","https://www.b2bwave.com/wholesale-marketing"
"wholesale marketers","2","1","37","260","Easy","https://www.b2bwave.com/wholesale-marketing"
"wholesalers marketing","2","37","260","Easy","https://www.b2bwave.com/wholesale-marketing"
"benefits of b2b e commerce","1","5","25","170","Easy","https://www.b2bwave.com/p/12-benefits-of-b2b-ecommerce-platforms"
"e commerce b2b advantages","1","2","25","170","Easy","https://www.b2bwave.com/p/12-benefits-of-b2b-ecommerce-platforms"
"benefit of b2b ecommerce","1","2","25","170","Easy","https://www.b2bwave.com/p/12-benefits-of-b2b-ecommerce-platforms"
"b2b order management system","2","24","170","Easy","https://www.b2bwave.com/order-management"
"advantages of b2b ecommerce","2","24","170","Easy","https://www.b2bwave.com/p/12-benefits-of-b2b-ecommerce-platforms"
"b2b order management","3","-2","24","170","Easy","https://www.b2bwave.com/order-management"
"wholesalers in marketing","5","-1","23","260","Easy","https://www.b2bwave.com/wholesale-marketing"
"b2b wholesalers","10","1","21","720","Medium","https://www.b2bwave.com/p/how-to-build-a-successful-wholesale-website"
"advantage of b2b e commerce","1","2","20","140","Easy","https://www.b2bwave.com/p/12-benefits-of-b2b-ecommerce-platforms"
"b2b wave","1","20","140","Easy","https://www.b2bwave.com/"
"b2b e commerce advantages","2","3","20","140","Easy","https://www.b2bwave.com/p/12-benefits-of-b2b-ecommerce-platforms"
"b2b dropshippers","2","20","140","Easy","https://www.b2bwave.com/dropshipping"
"b2b integrations","7","19","19","260","Easy","https://www.b2bwave.com/integrations-api"
"b2b dropship","4","-1","17","140","Easy","https://www.b2bwave.com/dropshipping"
"b2b shop online","4","-2","17","140","Easy","https://www.b2bwave.com/"
"web wholesale","14","1","17","2400","Hard","https://www.b2bwave.com/wholesale-website"
"benefits of business to business e commerce","1","4","16","110","Easy","https://www.b2bwave.com/p/12-benefits-of-b2b-ecommerce-platforms"
"advantages b2b e commerce","2","15","110","Easy","https://www.b2bwave.com/p/12-benefits-of-b2b-ecommerce-platforms"
"advantages of b2b e commerce","2","1","15","110","Easy","https://www.b2bwave.com/p/12-benefits-of-b2b-ecommerce-platforms"
"b2b e commerce portal","3","-2","15","110","Easy","https://www.b2bwave.com/"
"customized b2b ecommerce solutions","3","56","15","110","Easy","https://www.b2bwave.com/"
"b2b for retailers","5","9","15","170","Easy","https://www.b2bwave.com/"
"b2b ecommerce platforms","9","-1","14","320","Medium","https://www.b2bwave.com/"
"advertising wholesale","1","6","13","90","Easy","https://www.b2bwave.com/wholesale-marketing"
"b2b order platform","2","13","90","Easy","https://www.b2bwave.com/"
"wave free trial","4","3","13","110","Easy","https://www.b2bwave.com/signup"
"b2b ecommerce portal","3","-2","12","90","Easy","https://www.b2bwave.com/"
"benefits of b2b ecommerce","5","12","140","Easy","https://www.b2bwave.com/p/12-benefits-of-b2b-ecommerce-platforms"
"dropship b2b","5","8","12","140","Easy","https://www.b2bwave.com/dropshipping"
"manufacturers b2b","7","2","12","170","Easy","https://www.b2bwave.com/manufacturers"
"b2b wholesale distributor","8","11","260","Easy","https://www.b2bwave.com/wholesalers"
"integration b2b","9","51","11","260","Easy","https://www.b2bwave.com/integrations-api"
"wave pricing","10","6","11","390","Easy","https://www.b2bwave.com/pricing"
"b2b ecommerce platform","12","5","11","1600","Medium","https://www.b2bwave.com/"
"b2b platform ecommerce","12","11","1600","Medium","https://www.b2bwave.com/"
"ecommerce platform for b2b","12","6","11","1600","Medium","https://www.b2bwave.com/"
"b2b platform e commerce","14","-1","11","1600","Medium","https://www.b2bwave.com/"
"ecommerce b2b platform","14","11","1600","Medium","https://www.b2bwave.com/"
"b to b ecommerce","14","5","11","1600","Medium","https://www.b2bwave.com/"
"b2b e commerce platform","16","-1","11","1600","Medium","https://www.b2bwave.com/"
"ecommerce for b2b","20","-10","11","1600","Medium","https://www.b2bwave.com/"
"ecommerce wholesale distributors","6","10","140","Easy","https://www.b2bwave.com/wholesalers"
"b2b order management software","5","-4","9","110","Easy","https://www.b2bwave.com/order-management"
"b2b online store","5","-3","9","110","Easy","https://www.b2bwave.com/"
"b2b dropshipping","5","-3","9","110","Easy","https://www.b2bwave.com/dropshipping"
"b2b traders","9","9","210","Easy","https://www.b2bwave.com/"
"wholesalers business","15","9","1300","Medium","https://www.b2bwave.com/wholesale-marketing"
"free b2b web","4","-3","8","70","Easy","https://www.b2bwave.com/signup"
"wholesale inventory management","5","8","90","Easy","https://www.b2bwave.com/p/from-chaos-to-clarity-a-practical-guide-to-wholesale-inventory-management"
"wave integrations","5","6","8","90","Easy","https://www.b2bwave.com/integrations-api"
"b2b e commerce benefits","1","1","7","50","Easy","https://www.b2bwave.com/p/12-benefits-of-b2b-ecommerce-platforms"
"wholesaler marketing strategy","1","1","7","50","Easy","https://www.b2bwave.com/wholesale-marketing"
"wholesale web design","1","8","7","50","Easy","https://www.b2bwave.com/wholesale-website"
"b2b ecommerce benefits","2","-1","7","50","Easy","https://www.b2bwave.com/p/12-benefits-of-b2b-ecommerce-platforms"
"what is wholesale marketing","2","-1","7","50","Easy","https://www.b2bwave.com/wholesale-marketing"
"b2b sales online","3","43","7","50","Easy","https://www.b2bwave.com/"
"b2b ecommerce advantages","8","-3","7","170","Easy","https://www.b2bwave.com/p/12-benefits-of-b2b-ecommerce-platforms"
"b2b manufacturer","9","1","7","170","Easy","https://www.b2bwave.com/manufacturers"
"free b2b site","4","-2","6","50","Easy","https://www.b2bwave.com/signup"
"wholesale b2b website","4","-2","6","50","Easy","https://www.b2bwave.com/wholesale-website"
"b2b wholesale website","4","6","50","Easy","https://www.b2bwave.com/wholesale-website"
"b2b cms","5","14","6","70","Easy","https://www.b2bwave.com/b2b-ecommerce-cms"
"b2b webshop","6","-2","6","90","Easy","https://www.b2bwave.com/"
"b2b shop","7","-3","6","90","Easy","https://www.b2bwave.com/"
"business 2 business website","7","28","6","90","Easy","https://www.b2bwave.com/"
"wholesale e commerce platform","8","-5","6","140","Easy","https://www.b2bwave.com/"
"wholesale ordering platform","9","-3","6","140","Easy","https://www.b2bwave.com/order-management"
"b to b websites","18","6","880","Easy","https://www.b2bwave.com/"
"b2b po","19","-14","6","880","Easy","https://www.b2bwave.com/manufacturer-b2b-order-portal"
"wholesale website design","1","6","5","40","Easy","https://www.b2bwave.com/wholesale-website"
"wholesale terms","1","5","40","Easy","https://www.b2bwave.com/p/wholesale-terms-glossary"
"marketing strategies for wholesalers","1","1","5","40","Easy","https://www.b2bwave.com/wholesale-marketing"
"wholesale sales strategies","1","1","5","40","Easy","https://www.b2bwave.com/p/3-master-sales-techniques-for-your-wholesale-business"
"wholesale advertising","2","1","5","40","Easy","https://www.b2bwave.com/wholesale-marketing"
"wholesale strategy","2","1","5","40","Easy","https://www.b2bwave.com/wholesale-marketing"
"b2b e-commerce solutions","11","4","5","720","Medium","https://www.b2bwave.com/"
"b2b e commerce solutions","15","-1","5","720","Medium","https://www.b2bwave.com/"
"b2b e commerce solution","16","5","720","Medium","https://www.b2bwave.com/"
"wholesale website builder","1","4","30","Easy","https://www.b2bwave.com/wholesale-website"
"b2b free","1","4","30","Easy","https://www.b2bwave.com/signup"
"free b2b","1","4","30","Easy","https://www.b2bwave.com/signup"
"wholesale sales strategy","1","1","4","30","Easy","https://www.b2bwave.com/p/3-master-sales-techniques-for-your-wholesale-business"
"build wholesale website","1","4","30","Easy","https://www.b2bwave.com/wholesale-website"
"build a wholesale website","1","4","30","Easy","https://www.b2bwave.com/wholesale-website"
"wholesale term","2","1","4","30","Medium","https://www.b2bwave.com/p/wholesale-terms-glossary"
"wholesale tips","2","32","4","30","Easy","https://www.b2bwave.com/p/3-master-sales-techniques-for-your-wholesale-business"
"wholesale marketing strategy","2","4","30","Easy","https://www.b2bwave.com/wholesale-marketing"
"wholesale newsletter","2","-1","4","30","Easy","https://www.b2bwave.com/newsletter"
"wholesale marketing strategies","2","4","30","Easy","https://www.b2bwave.com/wholesale-marketing"
"free b2b platforms","2","3","4","30","Easy","https://www.b2bwave.com/signup"
"customer service wholesale","3","-2","4","30","Easy","https://www.b2bwave.com/p/4-simple-customer-service-tips-wholesalers-can-use-to-increase-sales"
"b2b website platform","3","3","4","30","Easy","https://www.b2bwave.com/"
"wholesale b2b dropshipping","3","4","30","Easy","https://www.b2bwave.com/dropshipping"
"order b2b","8","-6","4","90","Easy","https://www.b2bwave.com/order-management"
"dropshipping b2b","9","-5","4","110","Easy","https://www.b2bwave.com/dropshipping"
"b2b ecommerce system","10","2","4","140","Medium","https://www.b2bwave.com/"
"b2b online shop","10","-7","4","140","Easy","https://www.b2bwave.com/"
"b2b ordering platform","10","-7","4","140","Easy","https://www.b2bwave.com/"
"b2b market online","12","4","590","Easy","https://www.b2bwave.com/"
"b2b platform","15","-2","4","590","Medium","https://www.b2bwave.com/"
"paynote","16","-4","4","590","Easy","https://www.b2bwave.com/integration/paynote-ach"
"b2b quote","4","3","3","30","Easy","https://www.b2bwave.com/quote-management"
"b2b web platform","4","-2","3","30","Easy","https://www.b2bwave.com/"
"free b2b platform","4","-2","3","30","Easy","https://www.b2bwave.com/signup"
"for wholesale","5","22","3","40","Hard","https://www.b2bwave.com/p/wholesale-terms-glossary"
"wholesale ads","5","36","3","40","Easy","https://www.b2bwave.com/wholesale-marketing"
"b2b website builder","6","-3","3","50","Easy","https://www.b2bwave.com/create-b2b-website"
"b2b instagram","6","14","3","50","Easy","https://www.b2bwave.com/p/10-ways-to-make-instagram-work-for-your-b2b-business"
"free b2b website","8","-5","3","70","Easy","https://www.b2bwave.com/signup"
"food b2b","8","9","3","70","Easy","https://www.b2bwave.com/industries/food-beverage"
"b2b online trading platform","9","-1","3","70","Medium","https://www.b2bwave.com/"
"b2b trading platform","9","25","3","70","Easy","https://www.b2bwave.com/"
"advantages of business to business e commerce","10","-5","3","110","Easy","https://www.b2bwave.com/p/12-benefits-of-b2b-ecommerce-platforms"
"b2b ordering","10","-5","3","110","Easy","https://www.b2bwave.com/order-management"
"b2b ecommerce sites","12","2","3","480","Easy","https://www.b2bwave.com/"
"b2b e commerce sites","13","-2","3","480","Medium","https://www.b2bwave.com/"
"make wholesale website","1","1","2","20","Easy","https://www.b2bwave.com/wholesale-website"
"creating a wholesale website","1","2","2","20","Easy","https://www.b2bwave.com/wholesale-website"
"create wholesale website","1","2","20","Easy","https://www.b2bwave.com/wholesale-website"
"marketing ideas for wholesalers","1","1","2","20","","https://www.b2bwave.com/wholesale-marketing"
"wholesale terminology","1","2","20","Easy","https://www.b2bwave.com/p/wholesale-terms-glossary"
"advantage of b2b","1","1","2","20","Easy","https://www.b2bwave.com/p/12-benefits-of-b2b-ecommerce-platforms"
"how to increase wholesale sales","1","24","2","20","Easy","https://www.b2bwave.com/p/3-master-sales-techniques-for-your-wholesale-business"
"b2b online ordering portal","1","2","20","Easy","https://www.b2bwave.com/brands-b2b-order-portal-2025"
"create a wholesale website","1","2","20","Easy","https://www.b2bwave.com/wholesale-website"
"b2b ordering app","2","2","2","20","Easy","https://www.b2bwave.com/mobile-ordering-app"
"b2b advantages","2","2","20","Easy","https://www.b2bwave.com/p/12-benefits-of-b2b-ecommerce-platforms"
"wave mailchimp integration","2","1","2","20","Easy","https://www.b2bwave.com/integration/mailchimp-integration"
"wholesale digital marketing","2","2","20","Easy","https://www.b2bwave.com/wholesale-marketing"
"wholesale order management system","3","-1","2","20","Easy","https://www.b2bwave.com/order-management"
"best website builder for wholesale","3","2","20","Easy","https://www.b2bwave.com/wholesale-website"
"b2b free website","3","2","2","20","Easy","https://www.b2bwave.com/signup"
"b2b management software","3","2","20","Easy","https://www.b2bwave.com/order-management"
"b2b builder","4","2","20","Easy","https://www.b2bwave.com/create-b2b-website"
"does wave integrate with quickbooks","4","-3","2","20","Easy","https://www.b2bwave.com/integration/quickbooks"
"b2b ecommerce ordering","4","2","20","Easy","https://www.b2bwave.com/"
"b2b ordering portal","4","-3","2","20","Easy","https://www.b2bwave.com/brands-b2b-order-portal-2025"
"wholesale ordering system","5","-1","2","30","Easy","https://www.b2bwave.com/order-management"
"brand experience vs customer experience","5","2","30","Easy","https://www.b2bwave.com/p/where-branding-and-customer-experience-meets-understanding-brand-experience"
"wholesale order management","5","-3","2","30","Easy","https://www.b2bwave.com/order-management"
"brand variant","5","11","2","30","Easy","https://www.b2bwave.com/p/the-variant-principle-when-to-consider-product-variants"
"b2b free websites","5","-1","2","30","Easy","https://www.b2bwave.com/signup"
"b2b instagram marketing","6","12","2","40","Easy","https://www.b2bwave.com/p/10-ways-to-make-instagram-work-for-your-b2b-business"
"b2b customer onboarding process","6","3","2","30","Easy","https://www.b2bwave.com/p/onboard-customers-b2b-portal"
"wholesale distribution strategy","7","-1","2","30","Easy","https://www.b2bwave.com/wholesale-marketing"
"free b2b sites","7","5","2","30","Easy","https://www.b2bwave.com/signup"
"b2b marketing instagram","8","38","2","50","Easy","https://www.b2bwave.com/p/10-ways-to-make-instagram-work-for-your-b2b-business"
"twitter for b2b","8","2","50","Easy","https://www.b2bwave.com/p/leverage-the-power-of-twitter-for-your-b2b-business"
"usa b2b website","8","30","2","50","Easy","https://www.b2bwave.com/"
"b2b website in usa","9","18","2","50","Easy","https://www.b2bwave.com/"
"b2b online platform","10","-1","2","90","Medium","https://www.b2bwave.com/"
"b2b webshops","10","-2","2","70","Easy","https://www.b2bwave.com/"
"wave prices","13","2","390","Easy","https://www.b2bwave.com/pricing"
"wholesale ecommerce","14","2","320","Medium","https://www.b2bwave.com/wholesale-website"
"abbreviation of wholesale","14","-2","2","390","Easy","https://www.b2bwave.com/p/wholesale-terms-glossary"
"wholesale abbreviation","14","-1","2","390","Easy","https://www.b2bwave.com/p/wholesale-terms-glossary"
"writing product descriptions","16","2","390","Easy","https://www.b2bwave.com/p/product-descriptions"
"b2b storefront","17","2","320","Easy","https://www.b2bwave.com/"
"abbreviation for wholesale","17","-4","2","390","Easy","https://www.b2bwave.com/p/wholesale-terms-glossary"
"wave fees","18","2","320","Easy","https://www.b2bwave.com/pricing"
"wholesale marketing ideas","2","1","10","Easy","https://www.b2bwave.com/wholesale-marketing"
"square b2b","3","-1","1","10","Easy","https://www.b2bwave.com/integration/square"
"wave ecommerce","4","1","10","Easy","https://www.b2bwave.com/"
"b2b onboarding process","5","2","1","20","Easy","https://www.b2bwave.com/p/onboard-customers-b2b-portal"
"square ecommerce integrations","5","1","20","Easy","https://www.b2bwave.com/integration/square"
"b2b distributors ecommerce","5","1","20","Easy","https://www.b2bwave.com/wholesalers"
"b2b website platforms","5","1","20","Medium","https://www.b2bwave.com/"
"b2b catalog software","5","1","20","Easy","https://www.b2bwave.com/k/catalog-management"
"instagram for b2b","6","43","1","20","Easy","https://www.b2bwave.com/p/10-ways-to-make-instagram-work-for-your-b2b-business"
"wholesale customer service","6","-4","1","20","Easy","https://www.b2bwave.com/p/4-simple-customer-service-tips-wholesalers-can-use-to-increase-sales"
"virtual trade show example","6","1","1","20","Easy","https://www.b2bwave.com/p/the-5-types-of-virtual-trade-shows-for-wholesalers"
"b2b wholesale ecommerce","6","-4","1","20","Easy","https://www.b2bwave.com/"
"b2b api integration","6","20","1","20","Easy","https://www.b2bwave.com/integrations-api"
"b2b order portal","6","-5","1","20","Easy","https://www.b2bwave.com/brands-b2b-order-portal-2025"
"wholesale ordering systems","6","-4","1","20","Easy","https://www.b2bwave.com/order-management"
"b2b hardware","6","1","20","Easy","https://www.b2bwave.com/industries/hardware-supplies"
"shopify wave integration","6","-1","1","20","Easy","https://www.b2bwave.com/integration/shopify-integration"
"make wholesale website","6","1","20","Easy","https://www.b2bwave.com/p/how-to-build-a-successful-wholesale-website"
"ella b candles wholesale","6","1","20","Easy","https://www.b2bwave.com/p/ella-b-candles-reduces-errors-slashes-the-grunt-work-and-boosts-efficiency-with-b2b-wave"
"dear inventory integrations","7","1","20","Easy","https://www.b2bwave.com/integration/dear-inventory"
"wave shopify","7","-3","1","20","Easy","https://www.b2bwave.com/integration/shopify-integration"
"b2b advantage","7","1","20","Easy","https://www.b2bwave.com/p/advantages-and-disadvantages-of-b2b-ecommerce-platforms"
"instagram b2b","7","1","20","Easy","https://www.b2bwave.com/p/10-ways-to-make-instagram-work-for-your-b2b-business"
"b2b on instagram","7","2","1","20","Easy","https://www.b2bwave.com/p/10-ways-to-make-instagram-work-for-your-b2b-business"
"b2b rep","7","13","1","20","Easy","https://www.b2bwave.com/sales-reps"
"b2b inventory","7","1","20","Easy","https://www.b2bwave.com/integration/zoho-inventory-integration"
"wholesale website platform","7","1","20","Easy","https://www.b2bwave.com/wholesale-website"
"b2b online ordering system","7","1","20","Easy","https://www.b2bwave.com/order-management"
"advantages of b2b","8","1","30","Easy","https://www.b2bwave.com/p/advantages-and-disadvantages-of-b2b-ecommerce-platforms"
"b2b mobile app","8","30","1","30","Easy","https://www.b2bwave.com/mobile-ordering-app"
"paypal b2b","8","-1","1","40","Easy","https://www.b2bwave.com/integration/paypal-integration"
"online b2b portal","8","-7","1","40","Easy","https://www.b2bwave.com/"
"b2b website free","8","-6","1","40","Easy","https://www.b2bwave.com/signup"
"import quickbooks to wave","9","11","1","30","Easy","https://www.b2bwave.com/integration/quickbooks"
"b2b website usa","9","1","40","Easy","https://www.b2bwave.com/"
"b2b sales order management software","9","1","30","","https://www.b2bwave.com/order-management"
"xero ecommerce integration","9","1","30","Easy","https://www.b2bwave.com/integration/xero"
"difference between brand and customer experience","9","-4","1","30","Easy","https://www.b2bwave.com/p/where-branding-and-customer-experience-meets-understanding-brand-experience"
"wholesale order system","9","-7","1","30","Easy","https://www.b2bwave.com/order-management"
"b2b discount","10","12","1","50","Easy","https://www.b2bwave.com/p/b2b-product-discounts-when-and-how-to-use-them"
"b2b ecommerce wholesale","10","-7","1","40","Medium","https://www.b2bwave.com/"
"abbreviation for wholesale price","10","-4","1","40","Easy","https://www.b2bwave.com/p/wholesale-terms-glossary"
"instagram for b2b marketing","10","71","1","50","Easy","https://www.b2bwave.com/p/10-ways-to-make-instagram-work-for-your-b2b-business"
"b2b app","11","1","260","Easy","https://www.b2bwave.com/mobile-ordering-app"
"online shopping b2b","12","-8","1","140","Easy","https://www.b2bwave.com/"
"app b2b","12","-2","1","260","Easy","https://www.b2bwave.com/mobile-ordering-app"
"advantage of b2b e commerce","12","1","140","Easy","https://www.b2bwave.com/p/advantages-and-disadvantages-of-b2b-ecommerce-platforms"
"online shop b2b","12","-9","1","140","Easy","https://www.b2bwave.com/"
"wholesaler in marketing","13","-6","1","260","Easy","https://www.b2bwave.com/wholesale-marketing"
"b2b manufacturers","14","1","210","Easy","https://www.b2bwave.com/manufacturers"
"wholesale ecommerce platform","14","-11","1","140","Easy","https://www.b2bwave.com/"
"b2b application","16","22","1","260","Easy","https://www.b2bwave.com/"
"b2b reporting","17","15","1","210","Easy","https://www.b2bwave.com/p/6-essential-b2b-reports-every-wholesaler-needs"
"b2b e commerce company","18","-4","1","260","Medium","https://www.b2bwave.com/"
"b2b ecommerce company","18","-2","1","260","Medium","https://www.b2bwave.com/"
"wholesale order platform","18","-9","1","140","Easy","https://www.b2bwave.com/order-management"
"b2b e commerce software","18","-9","1","260","Medium","https://www.b2bwave.com/"
"wholesale b2b","19","-2","1","170","Easy","https://www.b2bwave.com/wholesalers"
"b2b wholesale market","20","-3","1","260","Easy","https://www.b2bwave.com/wholesale-marketing"
"wave and shopify","5","-1","0","10","Easy","https://www.b2bwave.com/integration/shopify-integration"
"www b2b","6","3","0","10","Medium","https://www.b2bwave.com/"