Top pages,Clicks,Impressions,CTR,Position
https://www.growmax.io/,2986,54618,5.47%,5.85
https://www.growmax.io/write-for-us,636,5479,11.61%,44.95
https://www.growmax.io/blog/how-to-boost-spare-parts-sales,226,22694,1%,23.95
https://www.growmax.io/blog/how-can-you-grow-your-bike-spare-parts-business,212,23907,0.89%,12.77
https://www.growmax.io/enterprise-ecommerce-platform,166,32379,0.51%,5.43
https://www.growmax.io/blog/transforming-your-digital-landscape-integrating-third-party-applications-with-sap-ecc-through-sap-connector,145,21741,0.67%,24.8
https://www.growmax.io/blog/sell-machine-spare-parts-online,133,6454,2.06%,24.99
https://www.growmax.io/spare-parts-ecommerce,131,19337,0.68%,9.58
https://www.growmax.io/blog/best-competitors-and-alternatives-to-handshake,104,17928,0.58%,17.48
https://www.growmax.io/blog/heavy-equipment-spare-parts-sales,90,8169,1.10%,36.16
https://www.growmax.io/blog/pepperi-alternatives-and-competitors,75,16649,0.45%,10.88
https://www.growmax.io/blog/wholesale-marketing,46,22578,0.20%,37.66
https://www.growmax.io/blog/how-to-sell-automotive-accessories-online,46,9748,0.47%,29.53
https://www.growmax.io/blog/increase-construction-equipment-spare-parts-sales,43,8877,0.48%,40.23
https://www.growmax.io/blog/managing-spare-parts-business-for-an-industrial-oem,40,6202,0.64%,31.02
https://www.growmax.io/blog/just-in-time-inventory-jit,39,97505,0.04%,61.49
https://www.growmax.io/blog/quickbooks-commerce-tradegecko-alternatives,38,24034,0.16%,18.47
https://www.growmax.io/blog/ai-powered-ordering-apps-the-future-of-b2b-sales,34,18391,0.18%,56.95
https://www.growmax.io/blog/how-to-sell-car-spare-parts,30,10929,0.27%,54.51
https://www.growmax.io/blog/winning-the-aftermarket-sales,22,6134,0.36%,27.78
https://www.growmax.io/contact,22,3567,0.62%,5.85
https://www.growmax.io/blog/digital-enabled-fmcg-wholesale-benefits-of-launching-self-ordering-apps-for-b2b-and-horeca-customers,21,3265,0.64%,43.7
https://www.growmax.io/blog/boost-efficiency-in-f-b-fmcg-wholesale-with-a-zoho-integrated-order-booking-sales-app,21,3231,0.65%,30.58
https://www.growmax.io/b2b-commerce-cloud,20,17899,0.11%,4.35
https://www.growmax.io/blog/advantages-of-ecommerce,15,53562,0.03%,47.36
https://www.growmax.io/blog/how-textile-machinery-spare-parts-manufacturers-can-move-online,15,2758,0.54%,54.3
https://www.growmax.io/blog/what-is-order-to-cash-o2c,14,56740,0.02%,65.63
https://www.growmax.io/about,14,13553,0.10%,4.27
https://www.growmax.io/blog/reckitt-pro-solution-india-revolutionizing-b2b-with-e-commerce,14,1366,1.02%,9.72
https://www.growmax.io/product-catalog-management,12,935,1.28%,6.44
https://www.growmax.io/blog/what-is-deadstock,11,10542,0.10%,65.96
https://www.growmax.io/blog/boost-your-industrial-sales-performance-with-smart-target-setting-and-automation,11,5171,0.21%,33.34
https://www.growmax.io/blog/what-is-purchase-order,10,34601,0.03%,73.42
https://www.growmax.io/blog/minimum-order-quantity,10,24367,0.04%,37.91
https://www.growmax.io/blog/your-traditional-competitors-are-not-your-threats,10,1302,0.77%,20.85
https://www.growmax.io/contact-us,10,384,2.60%,7.31
https://www.growmax.io/sales-rep-app,9,21593,0.04%,39.75
https://www.growmax.io/blog/the-digital-partner-engagement-revolution-how-industrial-brands-can-transform-channel-sales,9,9730,0.09%,31.15
https://www.growmax.io/b2b2b-commerce-cloud,9,4594,0.20%,19.62
https://www.growmax.io/blog/b2b-ecommerce-for-soare-parts-businesses,9,1960,0.46%,24.83
https://www.growmax.io/blog/tips-for-managing-spare-parts-inventory,8,15150,0.05%,71.73
https://www.growmax.io/blog/what-is-b2b-marketplace,7,17457,0.04%,81.14
https://www.growmax.io/order-management,7,11918,0.06%,8.43
https://www.growmax.io/blog/boost-sales-product-recommendations,7,11575,0.06%,44.18
https://www.growmax.io/blog/b2b-wholesale,7,11022,0.06%,62.01
https://www.growmax.io/blog/a-comprehensive-sales-order-booking-app-for-zoho-inventory,7,2262,0.31%,21.93
https://www.growmax.io/blog/enhancing-industry-collaboration-a-case-study-from-a-leading-paint-manufacturer-in-india,7,1843,0.38%,5.81
https://www.growmax.io/author/aravindan,7,179,3.91%,13.12
https://www.growmax.io/blog/what-is-lead-time,6,38862,0.02%,80.91
https://www.growmax.io/blog/what-is-spares-parts-management,6,20359,0.03%,72.1
https://www.growmax.io/blog/maximizing-growth-through-partner-sales-management-a-comprehensive-guide,6,7057,0.09%,18.03
https://www.growmax.io/blog/why-an-offline-order-taking-app-is-essential-for-fmcg-and-industrial-b2b-sales,6,6129,0.10%,41.88
https://www.growmax.io/blog/how-to-write-invoice-email-for-ecommerce,6,4032,0.15%,59.22
https://www.growmax.io/blog/unlocking-growth-for-industrial-distributors-how-opportunity-management-drives-sales-success,6,3991,0.15%,26.79
https://www.growmax.io/b2b-ecommerce-platform,6,1131,0.53%,14.57
https://www.growmax.io/customer-support,6,934,0.64%,6.62
https://www.growmax.io/integrations,6,573,1.05%,4.83
https://www.growmax.io/blog/what-is-d2c,5,51015,0.01%,37.54
https://www.growmax.io/blog/everything-you-need-to-know-about-b2b-ecommerce,5,15254,0.03%,54.8
https://www.growmax.io/quote-management,5,13863,0.04%,15.57
https://www.growmax.io/blog/inventory-stockout-risk-insight-the-modern-manufacturers-guide-to-preventing-revenue-loss,5,3587,0.14%,15.49
https://www.growmax.io/category/b2b-ecommerce,5,2981,0.17%,62.23
https://www.growmax.io/blog/perpetual-inventory,4,30860,0.01%,70.23
https://www.growmax.io/blog/harnessing-the-power-of-ai-unlocking-insights-from-historical-data,4,2510,0.16%,11.52
https://www.growmax.io/b2b-marketplace,4,1529,0.26%,25.96
https://www.growmax.io/msa,4,639,0.63%,11.57
https://www.growmax.io/blog/product-catalog-management-ecommerce,3,33041,0.01%,81.59
https://www.growmax.io/blog/calculate-finished-goods-inventory,3,21568,0.01%,47.85
https://www.growmax.io/blog/what-is-an-online-marketplace,3,8916,0.03%,52.49
https://www.growmax.io/blog/how-to-migrate-from-tradgecko,3,7129,0.04%,31.73
https://www.growmax.io/wholesale-ecommerce,3,4773,0.06%,53.31
https://www.growmax.io/blog/increase-b2b-sales,3,4031,0.07%,84.72
https://www.growmax.io/blog/the-crucial-role-of-manufacturers-in-the-supply-chain-tailoring-b2b-ecommerce-to-meet-their-unique-needs,3,3696,0.08%,75.03
https://www.growmax.io/blog/opportunity-pipeline-management-for-industrial-businesses-your-data-driven-path-to-predictable-revenue,3,3155,0.10%,22.78
https://www.growmax.io/why-us,3,1445,0.21%,5.96
https://www.growmax.io/privacy,3,825,0.36%,5.15
https://www.growmax.io/blog/revamping-the-order-process-obo-bettermanns-digital-transformation,3,483,0.62%,11.79
https://www.growmax.io/blog/inventory-management-techniques,2,31142,0.01%,79.66
https://www.growmax.io/blog/best-ecommerce-software,2,16236,0.01%,62.54
https://www.growmax.io/blog/b2b-buying-process,2,14804,0.01%,73.04
https://www.growmax.io/blog/set-up-b2b-ecommerce-website,2,8215,0.02%,72.72
https://www.growmax.io/blog/what-is-backordering,2,5590,0.04%,63.37
https://www.growmax.io/blog/the-ultimate-guide-to-cpq-software-for-small-and-medium-scale-industrial-businesses,2,5300,0.04%,35.54
https://www.growmax.io/blog/what-are-the-new-trends-in-b2b-sales-for-150-growth-in-revenue,2,2358,0.08%,61.71
https://www.growmax.io/blog/effective-management-of-moq-and-volume-based-pricing-is-essential-for-food-and-personal-care-wholesalers,2,1547,0.13%,7.38
https://www.growmax.io/blog/wholesale-distributors-guide,2,1451,0.14%,22.23
https://www.growmax.io/blog/uncovering-hidden-customer-needs-for-cross-selling-and-upselling-through-a-recommendations-engine,2,1262,0.16%,26.76
https://www.growmax.io/blog/stop-losing-deals-streamline-your-industrial-sales-with-growmax,2,1195,0.17%,23.8
https://www.growmax.io/blog/receive-customer-orders-through-multiple-channels-transforming-your-b2b-sales-experience,2,1144,0.17%,52.81
https://www.growmax.io/blog/why-a-channel-partner-hub-with-performance-analytics-is-essential-for-business-growth,2,1103,0.18%,21.06
https://www.growmax.io/blog/bridging-the-partner-visibility-gap-streamlining-the-quotation-to-order-process-for-industrial-brands,2,1079,0.19%,11.81
https://www.growmax.io/blog,2,668,0.30%,36.97
https://www.growmax.io/blog/independent-partner-portals-for-industrial-channels,2,560,0.36%,38.64
https://www.growmax.io/blog/make-2x-faster-decisions-in-your-sales-cycle,2,151,1.32%,22.54
https://www.growmax.io/discover,2,9,22.22%,1.56
https://www.growmax.io/blog/what-is-order-management,1,60557,0%,83.61
https://www.growmax.io/blog/what-is-ecommerce-crm,1,27997,0%,83.61
https://www.growmax.io/blog/ecommerce-terms-glossary,1,17349,0.01%,73.76
https://www.growmax.io/blog/top-b2b-software,1,16059,0.01%,75.08
https://www.growmax.io/blog/shopify-vs-woocommerce-vs-magento-vs-bigcommerce,1,10814,0.01%,56.63
https://www.growmax.io/blog/what-is-the-difference-between-b2c-b2b-ecommerce-platforms,1,8354,0.01%,68.19
https://www.growmax.io/blog/why-product-categorization-matters-in-sales-self-ordering-apps,1,7212,0.01%,19.27
https://www.growmax.io/blog/progressive-web-app-pwa-guide,1,4011,0.02%,66.22
https://www.growmax.io/blog/how-can-you-grow-your-bike-spare-parts-business#Use%20eCommerce%20Websites%20to%20your%20advantage,1,2343,0.04%,7.78
https://www.growmax.io/blog/why-b2b-marketers-should-invest-in-b2b-ecommerce-a-hybrid-approach-for-competitive-advantage,1,1215,0.08%,68.49
https://www.growmax.io/blog/reduce-sales-costs-in-f-b-wholesale-with-a-zoho-integrated-self-order-booking-app,1,805,0.12%,26.38
https://www.growmax.io/blog/from-data-to-decisions-how-kpis-and-opportunity-management-drive-growth-for-industrial-distributors,1,544,0.18%,11.66
https://www.growmax.io/author/surya-sk,1,147,0.68%,53.9
https://www.growmax.io/ai-analytics,1,111,0.90%,4.52
https://www.growmax.io/author/sudhakar,1,91,1.10%,12.66
https://www.growmax.io/blog/maximize-automotive-aftermarket-sales-with-growmaxs-channel-partner-hub,1,90,1.11%,35.06
https://www.growmax.io/blog/what-is-inventory-control,0,63176,0%,77.97
https://www.growmax.io/blog/ecommerce-personalization,0,11469,0%,90.23
https://www.growmax.io/blog/ecommerce-shipping-method,0,11398,0%,77.72
https://www.growmax.io/blog/writing-product-description-guide,0,11098,0%,63.79
https://www.growmax.io/blog/what-is-product-experience-management,0,10131,0%,60.71
https://www.growmax.io/blog/what-is-safety-stock,0,8572,0%,79.89
https://www.growmax.io/storefront-management,0,4884,0%,24.28
https://www.growmax.io/blog/shopify-plus-alternatives,0,3961,0%,47.15
https://www.growmax.io/blog/how-can-you-grow-your-bike-spare-parts-business#Invest%20in%20Customer%20Service%20and%20Marketing,0,2545,0%,7.85
https://www.growmax.io/blog/how-can-you-grow-your-bike-spare-parts-business#Make%20Use%20of%20Quality%20Product%20Images,0,2453,0%,7.85
https://www.growmax.io/blog/empower-your-business-with-advantage-of-b2b-ecommerce,0,2025,0%,56.25
https://www.growmax.io/blog/how-to-boost-spare-parts-sales#Provide%20packages%20of%20wear%20parts%20and%20maintenance%20kits,0,1945,0%,6.27
https://www.growmax.io/blog/how-to-boost-spare-parts-sales#Use%20service%20technicians%20as%20sales%20medium,0,1815,0%,6.22
https://www.growmax.io/blog/empower-sales-rep-with-digital-commerce,0,1757,0%,36.99
https://www.growmax.io/blog/b2b-ecommerce-a-new-sales-channel-for-b2b-manufacturers-wholesalers-distributors,0,1510,0%,58.27
https://www.growmax.io/headless-commerce,0,1409,0%,71.46
https://www.growmax.io/blog/what-is-headless-commerce,0,978,0%,77.12
https://www.growmax.io/blog/best-competitors-and-alternatives-to-handshake#Why%20look%20for%20a%20Handshake%20alternative?,0,962,0%,8.61
https://www.growmax.io/blog/best-competitors-and-alternatives-to-handshake#Growmax,0,870,0%,8.7
https://www.growmax.io/blog/best-competitors-and-alternatives-to-handshake#Sana%20Commerce%20Cloud,0,864,0%,8.79
https://www.growmax.io/internal-collaboration,0,835,0%,5.77
https://www.growmax.io/blog/winning-the-aftermarket-sales#Figure%20out%20your%20challenges,0,787,0%,8.27
https://www.growmax.io/blog/winning-the-aftermarket-sales#Review%20your%20aftermarket%20strategy,0,787,0%,8.27
https://www.growmax.io/blog/how-to-boost-spare-parts-sales#Have%20a%20team%20designated%20for%20sales,0,785,0%,7.38
https://www.growmax.io/blog/4-critical-features-to-win-digital-customer-experience-with-b2b-ecommerce,0,742,0%,69.51
https://www.growmax.io/blog/best-competitors-and-alternatives-to-handshake#NowCommerce,0,720,0%,8.93
https://www.growmax.io/blog/transform-your-digital-landscape-by-building-an-integration-layer-to-interact-with-new-age-applications,0,703,0%,20.43
https://www.growmax.io/blog/quickbooks-commerce-tradegecko-alternatives#BigCommerce,0,688,0%,6.25
https://www.growmax.io/blog/quickbooks-commerce-tradegecko-alternatives#Growmax,0,688,0%,6.25
https://www.growmax.io/blog/quickbooks-commerce-tradegecko-alternatives#Pepperi,0,688,0%,6.25
https://www.growmax.io/blog/quickbooks-commerce-tradegecko-alternatives#Sana%20commerce,0,688,0%,6.25
https://www.growmax.io/blog/how-to-boost-spare-parts-sales#Simplify%20the%20ordering%20process,0,586,0%,7.5
https://www.growmax.io/blog/how-to-boost-spare-parts-sales#Keep%20your%20prices%20in%20check%20and%20update%20regularly,0,558,0%,7.53
https://www.growmax.io/blog/d2c-trends,0,537,0%,61.63
https://www.growmax.io/commerce-cloud,0,533,0%,17.67
https://www.growmax.io/b2b2c-commerce-cloud,0,515,0%,61.6
https://www.growmax.io/blog/digital-can-drive-5x-growth-for-b2b-companies,0,507,0%,42.48
https://www.growmax.io/blog/best-competitors-and-alternatives-to-handshake#Pepperi,0,481,0%,8.51
https://www.growmax.io/blog/enterprise-marketplace-opportunities-d2c,0,455,0%,56.49
https://www.growmax.io/blog/best-competitors-and-alternatives-to-handshake#Bigcommerce,0,371,0%,8.66
https://www.growmax.io/blog/best-competitors-and-alternatives-to-handshake#Salesforce%20B2B%20Commerce,0,337,0%,8.35
https://www.growmax.io/blog/wholesale-marketing#Create%20a%20supply%20chain,0,314,0%,9.47
https://www.growmax.io/blog/wholesale-marketing#Wholesale%20removes%20the%20requirement%20for%20unsold%20goods%20in%20stock,0,294,0%,9.48
https://www.growmax.io/blog/wholesale-marketing#The%20creation%20and%20propagation%20of%20a%20brand,0,285,0%,9.44
https://www.growmax.io/blog/wholesale-marketing#They%20are%20no%20more%20schlepping%20in%20wholesale,0,280,0%,9.48
https://www.growmax.io/blog/wholesale-marketing#Participate%20in%20Trade%20Shows%20Actively,0,267,0%,9.44
https://www.growmax.io/blog/wholesale-marketing#List%20your%20business%20in%20industry%20directories,0,266,0%,9.44
https://www.growmax.io/blog/pepperi-alternatives-and-competitors#Envoy%20B2B,0,235,0%,5
https://www.growmax.io/blog/pepperi-alternatives-and-competitors#Growmax,0,235,0%,5
https://www.growmax.io/blog/pepperi-alternatives-and-competitors#Ordercircle,0,235,0%,5
https://www.growmax.io/blog/pepperi-alternatives-and-competitors#Zoey,0,235,0%,5
https://www.growmax.io/blog/ecommerce-trends,0,228,0%,61.83
https://www.growmax.io/terms-of-service,0,189,0%,12.61
https://www.growmax.io/category/ai-insights,0,185,0%,9.1
https://www.growmax.io/blog/sell-machine-spare-parts-online#Communicate%20with%20suppliers%20for%20quotations,0,161,0%,8.74
https://www.growmax.io/blog/sell-machine-spare-parts-online#Study%20your%20competitors,0,161,0%,8.74
https://www.growmax.io/blog/minimum-order-quantity#The%20Valuation%20of%20Minimum%20Order%20Quantity,0,160,0%,7.21
https://www.growmax.io/blog/minimum-order-quantity#Types%20of%20MOQs,0,160,0%,7.21
https://www.growmax.io/blog/minimum-order-quantity#What%20Is%20Minimum%20Order%20Quantity?,0,160,0%,7.21
https://www.growmax.io/blog/how-to-sell-automotive-accessories-online#Give%20out%20customer%20support%20assistance,0,140,0%,9.57
https://www.growmax.io/blog/how-to-sell-automotive-accessories-online#Level%20your%20pricing%20to%20Compete,0,138,0%,9.64
https://www.growmax.io/blog/what-is-deadstock#How%20to%20Steer%20Clear%20from%20Dead%20Stock,0,124,0%,4.73
https://www.growmax.io/blog/what-is-deadstock#What%20Causes%20Dead%20Stock?,0,124,0%,4.73
https://www.growmax.io/blog/embrace-the-digital-shift-building-a-b2b-ecommerce-platform-for-manufacturers-and-wholesalers,0,109,0%,36.52
https://www.growmax.io/blog/how-to-sell-automotive-accessories-online#Create%20a%20proper%20marketing%20plan,0,96,0%,9.9
https://www.growmax.io/category/sales,0,91,0%,18.09
https://www.growmax.io/blog/how-to-sell-automotive-accessories-online#Understand%20your%20order%20fulfilment%20process,0,88,0%,10.02
https://www.growmax.io/blog/what-is-lead-time#Growth%20of%20supply%20chain,0,81,0%,8.2
https://www.growmax.io/blog/what-is-lead-time#Order%20processing%20lags,0,81,0%,8.2
https://www.growmax.io/blog/what-is-lead-time#Reward%20your%20suppliers,0,81,0%,8.2
"https://www.growmax.io/blog/what-is-deadstock#What%20is%20Dead%20Stock,%20and%20Why%20is%20it%20Important?",0,80,0%,4.12
https://www.growmax.io/blog/heavy-equipment-spare-parts-sales#Make%20use%20of%20online%20marketing%20tools,0,77,0%,6.03
https://www.growmax.io/blog/heavy-equipment-spare-parts-sales#Superior%20inventory%20control,0,77,0%,6.03
https://www.growmax.io/blog/minimum-order-quantity#It%20should%20be%20based%20on%20the%20stockpile%20of%20raw%20resources,0,76,0%,6.88
https://www.growmax.io/blog/minimum-order-quantity#Reduce%20the%20price%20of%20your%20typical%20order,0,76,0%,6.88
https://www.growmax.io/sap-integration-with-growmax-cloud,0,70,0%,22.07
https://www.growmax.io/blog/best-competitors-and-alternatives-to-handshake#Oracle%20NetSuite,0,62,0%,8.56
https://www.growmax.io/blog/heavy-equipment-spare-parts-sales#Analyze%20your%20prospects,0,60,0%,5.33
https://www.growmax.io/blog/transforming-f-b-distributors-digital-landscape-with-growmax-self-ordering-app-integrated-with-zoho-inventory,0,58,0%,59.05
https://www.growmax.io/blog/what-is-purchase-order#How%20does%20the%20Purchase%20Order%20System%20Work?,0,36,0%,5.31
https://www.growmax.io/blog/heavy-equipment-spare-parts-sales#Be%20user-friendly,0,31,0%,7.74
https://www.growmax.io/blog/what-is-purchase-order#Purchase%20Order%20Vs%20Invoice,0,30,0%,5.63
https://www.growmax.io/category/marketing,0,26,0%,28.92
https://www.growmax.io/blog/increase-construction-equipment-spare-parts-sales#Analyze%20the%20value%20of%20your%20spares,0,24,0%,4.5
https://www.growmax.io/blog/increase-construction-equipment-spare-parts-sales#Choose%20the%20perfect%20marketplace,0,23,0%,4.43
https://www.growmax.io/blog/what-is-purchase-order#What%20are%20the%20Types%20of%20Purchase%20Orders,0,20,0%,4.9
https://www.growmax.io/blog/what-is-order-to-cash-o2c#What%20is%20the%20Order%20to%20cash%20process%20about?,0,20,0%,5.45
https://www.growmax.io/blog/what-is-order-to-cash-o2c#How%20does%20the%20O2C%20process%20impact%20your%20business?,0,19,0%,5.42
https://www.growmax.io/blog/what-is-order-to-cash-o2c#Order%20management,0,18,0%,5.72
https://www.growmax.io/blog/what-is-purchase-order#What%20is%20a%20Purchase%20Order?,0,16,0%,5.25
https://www.growmax.io/blog/what-is-order-to-cash-o2c#Credit%20management,0,16,0%,6.06
https://www.growmax.io/blog/what-is-purchase-order#What%20is%20the%20Purchase%20Order%20Procedure,0,15,0%,5.33
https://www.growmax.io/blog/what-is-order-to-cash-o2c#What%20are%20the%20steps%20involved%20in%20order%20to%20cash%20process?,0,15,0%,6.47
https://www.growmax.io/author/gnanavel,0,15,0%,18.73
https://www.growmax.io/blog/what-is-order-to-cash-o2c#Order%20fulfillment,0,14,0%,6.5
https://www.growmax.io/blog/what-is-order-to-cash-o2c#What%20is%20the%20difference%20between%20order-to-cash%20and%20procure%20to%20pay?,0,14,0%,6.5
https://www.growmax.io/blog/increase-construction-equipment-spare-parts-sales#Reach%20out%20to%20your%20target%20audience,0,11,0%,4.82
https://www.growmax.io/blog/own-your-data-in-your-private-cloud-embrace-technology-for-your-b2b-business,0,9,0%,14
https://www.growmax.io/new-home,0,9,0%,63.56
https://www.growmax.io/blog/what-is-an-online-marketplace#Online%20Marketplace%20Characteristics,0,7,0%,10
https://www.growmax.io/blog/what-is-an-online-marketplace#What%20is%20an%20Online%20Marketplace?,0,7,0%,10
https://www.growmax.io/author/james-jonathan,0,5,0%,21
https://www.growmax.io/blog/how-can-you-grow-your-bike-spare-parts-business,0,4,0%,1
https://www.growmax.io/blog/quickbooks-commerce-tradegecko-alternatives/,0,2,0%,1
https://www.growmax.io/blog/what-is-ecommerce-crm#Business%20expansion,0,2,0%,2.5
https://www.growmax.io/blog/what-is-ecommerce-crm#Difference%20between%20eCommerce%20CRM%20vs.%20traditional%20CRM?,0,2,0%,2.5
https://www.growmax.io/blog/what-is-ecommerce-crm#Why%20Is%20CRM%20the%20key%20to%20an%20outstanding%20eCommerce%20Business?,0,2,0%,2.5
https://www.growmax.io/blog/how-to-migrate-from-tradgecko#Fishbowl%20inventory,0,2,0%,5
"https://www.growmax.io/blog/how-to-migrate-from-tradgecko#What%20is%20Tradegecko,%20and%20what's%20the%20talk%20around%20it?",0,2,0%,5
https://www.growmax.io/blog/how-to-migrate-from-tradgecko#Zoho%20inventory%20+%20Growmax,0,2,0%,5
https://www.growmax.io/blog/inventory-management-techniques#6%20Sigma,0,2,0%,5
https://www.growmax.io/blog/inventory-management-techniques#Just%20in%20Time%20Inventory%20Management,0,2,0%,5
https://www.growmax.io/blog/inventory-management-techniques#Lean%20Manufacturing%20System,0,2,0%,5
https://www.growmax.io/blog/b2b-ecommerce-for-soare-parts-businesses#Helps%20to%20retain%20repeat%20customers,0,2,0%,11.5
https://www.growmax.io/blog/b2b-ecommerce-for-soare-parts-businesses#Potential%20to%20reach%20customers%20anywhere%20and%20at%20any%20time,0,2,0%,11.5
https://www.growmax.io/blog/what-is-an-online-marketplace#How%20Do%20Online%20Marketplaces%20Work?,0,2,0%,11.5
https://www.growmax.io/blog/how-to-boost-spare-parts-sales/,0,1,0%,1
https://www.growmax.io/blog/how-to-sell-automotive-accessories-online/,0,1,0%,1
https://www.growmax.io/contact.,0,1,0%,1
https://www.growmax.io/blog/inventory-management-techniques#ABC%20Analysis,0,1,0%,4
https://www.growmax.io/blog/inventory-management-techniques#FIFO%20and%20LIFO,0,1,0%,6
https://www.growmax.io/blog/shopify-plus-alternatives#Bigcommerce,0,1,0%,7
https://www.growmax.io/blog/shopify-plus-alternatives#Growmax%20Commerce%20Cloud,0,1,0%,7
https://www.growmax.io/blog/shopify-plus-alternatives#Mandatory%20Features%20needed%20in%20an%20enterprise%20eCommerce%20platform,0,1,0%,7
https://www.growmax.io/blog/product-catalog-management-ecommerce#Excessive%20returns,0,1,0%,9
https://www.growmax.io/blog/product-catalog-management-ecommerce#Product%20labels%20that%20aren't%20correct,0,1,0%,9
https://www.growmax.io/blog/product-catalog-management-ecommerce#Using%20multiple%20platforms%20to%20sell,0,1,0%,9
https://www.growmax.io/blog/what-is-d2c#Maximizing%20your%20profits,0,1,0%,12
https://www.growmax.io/blog/what-is-d2c#What%20is%20D2C:%20Definition,0,1,0%,12
https://www.growmax.io/blog/what-is-d2c#What%20is%20the%20difference%20between%20D2C%20and%20B2B%20business%20models?,0,1,0%,12
